URL,TITLE,DESCRIPTION
empresa,Empresa,Conheça a Clicheria Volunt�rios. Fundada em 1980 na cidade de S�o Paulo para oferecer o que h� de melhor na grava��o de clich�s. Clique para mais informa��es.
magnesio,Magn�sio,Conhe�a os servi�os em magn�sio que a Clicheria Volunt�rios oferece. Clique e confira.
zinco,Zinco,Conhe�a os servi�os em zinco que a Clicheria Volunt�rios oferece. Clique e confira.
fotolito digital,Fotolito Digital,Conhe�a os servi�os em fotolito digital que a Clicheria Volunt�rios oferece. Clique e confira.
fotopolimero,Fotopolimero,Conhe�a os servi�os em fotopolimero que a Clicheria Volunt�rios oferece. Clique e confira.
gravacao e corte a laser,Grava��o e corte a laser,Est� em busca de Grava��o e corte a laser? Conte com a que � especialista e oferece as melhores op��es para quem busca por qualidade!
contato,Contato,Entre em contato com a Clicheria Volunt�rios e tenha o que h� de melhor na grava��o de clich�s. Estamos aguardando por voc�.
empresa-de-cliches-na-zona-norte,Empresa de cliches na zona norte,Est� em busca de Empresa de cliches na zona norte? Conte com a Clicheria Volunt�rios que � especialista e oferece as melhores op��es para quem busca por qualidade!
clicheria-no-tucuruvi,Clicheria no tucuruvi,Procurando por Clicheria no tucuruvi? A Clicheria Volunt�rios conta com anos de experi�ncia para oferecer o melhor custo-benef�cio do mercado!
cliche-de-fotopolimero,Cliche de fotopolimero,Precisando de Cliche de fotopolimero? A Clicheria Volunt�rios � uma das melhores empresas nesse segmento! Clique aqui para entrar em contato.
cliches-para-alta-frequencia,Cliches para alta frequencia,Precisa de Cliches para alta frequencia? S� na Clicheria Volunt�rios voc� encontra as melhores e mais completas op��es de produtos. Clique aqui e confira.
cliche-em-zinco,Cliche em zinco,Se voc� busca por Cliche em zinco, com a Clicheria Volunt�rios voc� encontra o melhor que o mercado oferece. Clique para saber mais!
cliches-para-relevo,Cliches para relevo,Se est� procurando por Cliches para relevo, aqui na Clicheria Volunt�rios voc� tem acesso as melhores op��es do mercado! Clique e confira.
cliches-para-hot-stamping,Cliches para hot stamping,Se precisa de Cliches para hot stamping, a Clicheria Volunt�rios oferece o que h� de mais moderno e qualificado para atender a sua necessidade. Clique aqui para saber mais
cliche-em-magnesio,Cliche em magnesio,Est� precisando de Cliche em magnesio? S� com a Clicheria Volunt�rios voc� tem acesso ao que h� de melhor no segmento com pre�os acess�veis. Clique para saber mais
empresa-de-cliches-em-sp,Empresa de cliches em sp,Se est� em busca de Empresa de cliches em sp? Na Clicheria Volunt�rios voc� tem a sua disposi��o os melhores produtos para atender a sua necessidade.
cliche-para-emborrachado,Cliche para emborrachado,Se est� buscando por Cliche para emborrachado? Com a Clicheria Volunt�rios voc� encontra o que precisa para atender a sua necessidade. Entre em contato para saber mais!
