URL,H1,TITLE,DESCRIPTION
empresa,Empresa,Empresa | Clicheria Voluntários,Conheça a Clicheria Voluntários. Fundada em 1980 na cidade de São Paulo para oferecer o que há de melhor na gravação de clichês. Clique para mais informações.
magnesio,Magnésio,Magnésio | Clicheria Voluntários,Conheça os serviços em magnésio que a Clicheria Voluntários oferece. Clique e confira.
zinco,Zinco,Zinco | Clicheria Voluntários,Conheça os serviços em zinco que a Clicheria Voluntários oferece. Clique e confira.
fotolito digital,Fotolito Digital,Fotolito Digital | Clicheria Voluntários,Conheça os serviços em fotolito digital que a Clicheria Voluntários oferece. Clique e confira.
fotopolimero,Fotopolimero,Fotopolimero | Clicheria Voluntários,Conheça os serviços em fotopolimero que a Clicheria Voluntários oferece. Clique e confira.
gravacao e corte a laser,Gravação e corte a laser,Gravação e corte a laser | Clicheria Voluntários,Está em busca de Gravação e corte a laser? Conte com a que é especialista e oferece as melhores opções para quem busca por qualidade!
contato,Contato,Contato | Clicheria Voluntários,Entre em contato com a Clicheria Voluntários e tenha o que há de melhor na gravação de clichês. Estamos aguardando por você. 
empresa-de-cliches-na-zona-norte,Empresa de cliches na zona norte,Empresa de cliches na zona norte | Clicheria Voluntários,Está em busca de Empresa de cliches na zona norte? Conte com a Clicheria Voluntários que é especialista e oferece as melhores opções para quem busca por qualidade!
clicheria-no-tucuruvi,Clicheria no tucuruvi,Clicheria no tucuruvi | Clicheria Voluntários,Procurando por Clicheria no tucuruvi? A Clicheria Voluntários conta com anos de experiência para oferecer o melhor custo-benefício do mercado!
cliche-de-fotopolimero,Cliche de fotopolimero,Cliche de fotopolimero | Clicheria Voluntários,Precisando de Cliche de fotopolimero? A Clicheria Voluntários é uma das melhores empresas nesse segmento! Clique aqui para entrar em contato.
cliches-para-alta-frequencia,Cliches para alta frequencia,Cliches para alta frequencia | Clicheria Voluntários,Precisa de Cliches para alta frequencia? Só na Clicheria Voluntários você encontra as melhores e mais completas opções de produtos. Clique aqui e confira.
cliche-em-zinco,Cliche em zinco,Cliche em zinco | Clicheria Voluntários,"Se você busca por Cliche em zinco, com a Clicheria Voluntários você encontra o melhor que o mercado oferece. Clique para saber mais!"
cliches-para-relevo,Cliches para relevo,Cliches para relevo | Clicheria Voluntários,"Se está procurando por Cliches para relevo, aqui na Clicheria Voluntários você tem acesso as melhores opções do mercado! Clique e confira."
cliches-para-hot-stamping,Cliches para hot stamping,Cliches para hot stamping | Clicheria Voluntários,"Se precisa de Cliches para hot stamping, a Clicheria Voluntários oferece o que há de mais moderno e qualificado para atender a sua necessidade. Clique aqui para saber mais"
cliche-em-magnesio,Cliche em magnesio,Cliche em magnesio | Clicheria Voluntários,Está precisando de Cliche em magnesio? Só com a Clicheria Voluntários você tem acesso ao que há de melhor no segmento com preços acessíveis. Clique para saber mais
empresa-de-cliches-em-sp,Empresa de cliches em sp,Empresa de cliches em sp | Clicheria Voluntários,Se está em busca de Empresa de cliches em sp? Na Clicheria Voluntários você tem a sua disposição os melhores produtos para atender a sua necessidade.
cliche-para-emborrachado,Cliche para emborrachado,Cliche para emborrachado | Clicheria Voluntários,Se está buscando por Cliche para emborrachado? Com a Clicheria Voluntários você encontra o que precisa para atender a sua necessidade. Entre em contato para saber mais!